{"nm":"Komp 1","ddd":0,"h":1080,"w":700,"meta":{"g":"@lottiefiles/toolkit-js 0.26.1"},"layers":[{"ty":4,"nm":"Formebene 1","sr":1,"st":0,"op":150.000006109625,"ip":0,"hd":false,"ddd":0,"bm":0,"hasMask":false,"ao":0,"ks":{"a":{"a":0,"k":[0,0,0],"ix":1},"s":{"a":0,"k":[100,100,100],"ix":6},"sk":{"a":0,"k":0},"p":{"a":1,"k":[{"o":{"x":0.333,"y":0},"i":{"x":0.667,"y":1},"s":[350,540,0],"t":0,"ti":[0,0,0],"to":[21.167,65.833,0]},{"o":{"x":0.333,"y":0},"i":{"x":0.667,"y":1},"s":[477,935,0],"t":75,"ti":[0,0,0],"to":[0,0,0]},{"o":{"x":0.333,"y":0},"i":{"x":0.833,"y":0.833},"s":[350,540,0],"t":149,"ti":[-21.167,-65.833,0],"to":[0,0,0]},{"s":[477,935,0],"t":224.000009123707}],"ix":2},"r":{"a":0,"k":0,"ix":10},"sa":{"a":0,"k":0},"o":{"a":0,"k":100,"ix":11}},"ef":[],"shapes":[{"ty":"gr","bm":0,"hd":false,"mn":"ADBE Vector Group","nm":"Form 1","ix":1,"cix":2,"np":3,"it":[{"ty":"sh","bm":0,"hd":false,"mn":"ADBE Vector Shape - Group","nm":"Pfad 1","ix":1,"d":1,"ks":{"a":0,"k":{"c":false,"i":[[0,0],[0,0]],"o":[[0,0],[0,0]],"v":[[-67.75,-241.75],[-67.75,-165]]},"ix":2}},{"ty":"st","bm":0,"hd":false,"mn":"ADBE Vector Graphic - Stroke","nm":"Kontur 1","lc":1,"lj":1,"ml":4,"o":{"a":0,"k":100,"ix":4},"w":{"a":0,"k":2,"ix":5},"c":{"a":0,"k":[0.1294,0.6863,0.0314],"ix":3}},{"ty":"fl","bm":0,"hd":false,"mn":"ADBE Vector Graphic - Fill","nm":"Fläche 1","c":{"a":0,"k":[0.6902,0.8863,0.5059],"ix":4},"r":1,"o":{"a":0,"k":100,"ix":5}},{"ty":"tr","a":{"a":0,"k":[0,0],"ix":1},"s":{"a":0,"k":[100,100],"ix":3},"sk":{"a":0,"k":0,"ix":4},"p":{"a":0,"k":[0,0],"ix":2},"r":{"a":0,"k":0,"ix":6},"sa":{"a":0,"k":0,"ix":5},"o":{"a":0,"k":100,"ix":7}}]}],"ind":1},{"ty":0,"nm":"body_scan","sr":1,"st":0,"op":150.000006109625,"ip":0,"hd":false,"ddd":0,"bm":0,"hasMask":true,"ao":0,"ks":{"a":{"a":0,"k":[78,242.5,0],"ix":1},"s":{"a":0,"k":[100,100,100],"ix":6},"sk":{"a":0,"k":0},"p":{"a":0,"k":[348,538,0],"ix":2},"r":{"a":0,"k":0,"ix":10},"sa":{"a":0,"k":0},"o":{"a":0,"k":100,"ix":11}},"ef":[],"masksProperties":[{"nm":"Maske 1","inv":false,"mode":"a","x":{"a":0,"k":0,"ix":4},"o":{"a":0,"k":100,"ix":3},"pt":{"a":1,"k":[{"o":{"x":0.333,"y":0},"i":{"x":0.667,"y":1},"s":[{"c":true,"i":[[0,0],[0,0],[0,0],[0,0]],"o":[[0,0],[0,0],[0,0],[0,0]],"v":[[211.82,1.5],[-59,0.5],[-67,80.773],[204.82,80.773]]}],"t":0},{"o":{"x":0.333,"y":0},"i":{"x":0.667,"y":1},"s":[{"c":true,"i":[[0,0],[0,0],[0,0],[0,0]],"o":[[0,0],[0,0],[0,0],[0,0]],"v":[[211.82,398.5],[-59,397.5],[-67,477.774],[204.82,477.773]]}],"t":75},{"o":{"x":0.333,"y":0},"i":{"x":0.833,"y":0.833},"s":[{"c":true,"i":[[0,0],[0,0],[0,0],[0,0]],"o":[[0,0],[0,0],[0,0],[0,0]],"v":[[211.82,1.5],[-59,0.5],[-67,80.773],[204.82,80.773]]}],"t":149},{"s":[{"c":true,"i":[[0,0],[0,0],[0,0],[0,0]],"o":[[0,0],[0,0],[0,0],[0,0]],"v":[[211.82,398.5],[-59,397.5],[-67,477.774],[204.82,477.773]]}],"t":224.000009123707}],"ix":1}}],"w":156,"h":485,"refId":"comp_0","ind":2},{"ty":4,"nm":"body_not_scan Konturen","sr":1,"st":0,"op":150.000006109625,"ip":0,"hd":false,"ddd":0,"bm":0,"hasMask":false,"ao":0,"ks":{"a":{"a":0,"k":[78,242.5,0],"ix":1},"s":{"a":0,"k":[100,100,100],"ix":6},"sk":{"a":0,"k":0},"p":{"a":0,"k":[348,538,0],"ix":2},"r":{"a":0,"k":0,"ix":10},"sa":{"a":0,"k":0},"o":{"a":0,"k":100,"ix":11}},"ef":[],"shapes":[{"ty":"gr","bm":0,"hd":false,"mn":"ADBE Vector Group","nm":"Gruppe 1","ix":1,"cix":2,"np":2,"it":[{"ty":"sh","bm":0,"hd":false,"mn":"ADBE Vector Shape - Group","nm":"Pfad 1","ix":1,"d":1,"ks":{"a":0,"k":{"c":true,"i":[[0,0],[-1.588,3.546],[-1.604,-0.855],[-6.926,-6.06],[1,-18],[0,0],[0,0],[0,0],[0,0],[1,18],[-8,7],[-8.716,3.728],[-0.463,-1.494],[-10.921,0]],"o":[[10.345,0],[0.743,-1.659],[8.849,4.717],[8,7],[-1,18],[0,0],[0,0],[0,0],[0,0],[-1,-18],[7.004,-6.128],[1.438,-0.615],[1.1,3.549],[0,0]],"v":[[0,-65.784],[16.007,-74.347],[20.308,-75.87],[55,-56.784],[67,59.216],[42,66.216],[42,52.216],[-42,52.216],[-42,66.216],[-67,59.216],[-55,-56.784],[-20.013,-76.601],[-16.488,-74.924],[-1,-65.784]]},"ix":2}},{"ty":"fl","bm":0,"hd":false,"mn":"ADBE Vector Graphic - Fill","nm":"Fläche 1","c":{"a":0,"k":[0.1294,0.6863,0.0314],"ix":4},"r":1,"o":{"a":0,"k":100,"ix":5}},{"ty":"tr","a":{"a":0,"k":[0,0],"ix":1},"s":{"a":0,"k":[100,100],"ix":3},"sk":{"a":0,"k":0,"ix":4},"p":{"a":0,"k":[76,163.784],"ix":2},"r":{"a":0,"k":0,"ix":6},"sa":{"a":0,"k":0,"ix":5},"o":{"a":0,"k":100,"ix":7}}]},{"ty":"gr","bm":0,"hd":false,"mn":"ADBE Vector Group","nm":"Gruppe 2","ix":2,"cix":2,"np":2,"it":[{"ty":"sh","bm":0,"hd":false,"mn":"ADBE Vector Shape - Group","nm":"Pfad 1","ix":1,"d":1,"ks":{"a":0,"k":{"c":true,"i":[[0,0],[0,-6],[-2,1]],"o":[[0,0],[0,6],[2,-1]],"v":[[2.5,-4],[-4.5,-2],[2.5,7]]},"ix":2}},{"ty":"fl","bm":0,"hd":false,"mn":"ADBE Vector Graphic - Fill","nm":"Fläche 1","c":{"a":0,"k":[0.1294,0.6863,0.0314],"ix":4},"r":1,"o":{"a":0,"k":100,"ix":5}},{"ty":"tr","a":{"a":0,"k":[0,0],"ix":1},"s":{"a":0,"k":[100,100],"ix":3},"sk":{"a":0,"k":0,"ix":4},"p":{"a":0,"k":[58.611,57],"ix":2},"r":{"a":0,"k":0,"ix":6},"sa":{"a":0,"k":0,"ix":5},"o":{"a":0,"k":100,"ix":7}}]},{"ty":"gr","bm":0,"hd":false,"mn":"ADBE Vector Group","nm":"Gruppe 3","ix":3,"cix":2,"np":2,"it":[{"ty":"sh","bm":0,"hd":false,"mn":"ADBE Vector Shape - Group","nm":"Pfad 1","ix":1,"d":1,"ks":{"a":0,"k":{"c":true,"i":[[0,0],[0,-6],[2,1]],"o":[[0,0],[0,6],[-2,-1]],"v":[[-2.5,-4],[4.5,-2],[-2.5,7]]},"ix":2}},{"ty":"fl","bm":0,"hd":false,"mn":"ADBE Vector Graphic - Fill","nm":"Fläche 1","c":{"a":0,"k":[0.1294,0.6863,0.0314],"ix":4},"r":1,"o":{"a":0,"k":100,"ix":5}},{"ty":"tr","a":{"a":0,"k":[0,0],"ix":1},"s":{"a":0,"k":[100,100],"ix":3},"sk":{"a":0,"k":0,"ix":4},"p":{"a":0,"k":[93.5,57],"ix":2},"r":{"a":0,"k":0,"ix":6},"sa":{"a":0,"k":0,"ix":5},"o":{"a":0,"k":100,"ix":7}}]},{"ty":"gr","bm":0,"hd":false,"mn":"ADBE Vector Group","nm":"Gruppe 4","ix":4,"cix":2,"np":2,"it":[{"ty":"sh","bm":0,"hd":false,"mn":"ADBE Vector Shape - Group","nm":"Pfad 1","ix":1,"d":1,"ks":{"a":0,"k":{"c":true,"i":[[0,-4.042],[6.433,0],[0,7.471],[-0.193,4.946],[0,2.437],[-1.962,0],[0,0]],"o":[[0,7.471],[-6.434,0],[0,-3.146],[0.125,-3.218],[1.622,-0.995],[0,0],[0,4.081]],"v":[[24,0.276],[0.352,18.276],[-24,0.276],[-10.86,-8.495],[-10.631,-17.281],[12,-17.281],[12,-7.68]]},"ix":2}},{"ty":"fl","bm":0,"hd":false,"mn":"ADBE Vector Graphic - Fill","nm":"Fläche 1","c":{"a":0,"k":[0.1294,0.6863,0.0314],"ix":4},"r":1,"o":{"a":0,"k":100,"ix":5}},{"ty":"tr","a":{"a":0,"k":[0,0],"ix":1},"s":{"a":0,"k":[100,100],"ix":3},"sk":{"a":0,"k":0,"ix":4},"p":{"a":0,"k":[75,92.724],"ix":2},"r":{"a":0,"k":0,"ix":6},"sa":{"a":0,"k":0,"ix":5},"o":{"a":0,"k":100,"ix":7}}]},{"ty":"gr","bm":0,"hd":false,"mn":"ADBE Vector Group","nm":"Gruppe 5","ix":5,"cix":2,"np":2,"it":[{"ty":"sh","bm":0,"hd":false,"mn":"ADBE Vector Shape - Group","nm":"Pfad 1","ix":1,"d":1,"ks":{"a":0,"k":{"c":true,"i":[[0,0],[9.665,0],[0,9.665],[0,8],[-2.948,0]],"o":[[0,9.665],[-9.665,0],[0,-6.717],[2.437,-1.288],[0,0]],"v":[[17.5,6.144],[0,23.644],[-17.5,6.144],[-16.5,-22.356],[17.5,-22.356]]},"ix":2}},{"ty":"fl","bm":0,"hd":false,"mn":"ADBE Vector Graphic - Fill","nm":"Fläche 1","c":{"a":0,"k":[0.1294,0.6863,0.0314],"ix":4},"r":1,"o":{"a":0,"k":100,"ix":5}},{"ty":"tr","a":{"a":0,"k":[0,0],"ix":1},"s":{"a":0,"k":[100,100],"ix":3},"sk":{"a":0,"k":0,"ix":4},"p":{"a":0,"k":[75.5,58.356],"ix":2},"r":{"a":0,"k":0,"ix":6},"sa":{"a":0,"k":0,"ix":5},"o":{"a":0,"k":100,"ix":7}}]},{"ty":"gr","bm":0,"hd":false,"mn":"ADBE Vector Group","nm":"Gruppe 6","ix":6,"cix":2,"np":2,"it":[{"ty":"sh","bm":0,"hd":false,"mn":"ADBE Vector Shape - Group","nm":"Pfad 1","ix":1,"d":1,"ks":{"a":0,"k":{"c":true,"i":[[-1.343,1.551],[-0.384,-0.043],[0,-4.786],[0,0],[0.639,-0.02],[1.762,0.881],[-2.361,11.807],[-2,0]],"o":[[0.253,-0.292],[5.719,0.636],[0,0],[0,0.64],[-5.388,0.173],[-2,-1],[1,-3],[2.756,0]],"v":[[-3.12,-7.492],[-2.114,-7.897],[19.18,5.06],[19.18,6.913],[18.04,8.096],[-11.82,8.06],[-16.82,-5.94],[-11.82,-5.94]]},"ix":2}},{"ty":"fl","bm":0,"hd":false,"mn":"ADBE Vector Graphic - Fill","nm":"Fläche 1","c":{"a":0,"k":[0.1294,0.6863,0.0314],"ix":4},"r":1,"o":{"a":0,"k":100,"ix":5}},{"ty":"tr","a":{"a":0,"k":[0,0],"ix":1},"s":{"a":0,"k":[100,100],"ix":3},"sk":{"a":0,"k":0,"ix":4},"p":{"a":0,"k":[98.819,450.941],"ix":2},"r":{"a":0,"k":0,"ix":6},"sa":{"a":0,"k":0,"ix":5},"o":{"a":0,"k":100,"ix":7}}]},{"ty":"gr","bm":0,"hd":false,"mn":"ADBE Vector Group","nm":"Gruppe 7","ix":7,"cix":2,"np":2,"it":[{"ty":"sh","bm":0,"hd":false,"mn":"ADBE Vector Shape - Group","nm":"Pfad 1","ix":1,"d":1,"ks":{"a":0,"k":{"c":true,"i":[[1.343,1.551],[0.384,-0.043],[0,-4.786],[0,0],[-0.639,-0.02],[-1.762,0.881],[2.361,11.807],[1,0]],"o":[[-0.253,-0.292],[-5.719,0.636],[0,0],[0,0.64],[5.388,0.173],[2,-1],[-1,-3],[-2.756,0]],"v":[[3.12,-7.492],[2.114,-7.897],[-19.18,5.06],[-19.18,6.913],[-18.04,8.096],[11.82,8.06],[16.82,-5.94],[12.82,-5.94]]},"ix":2}},{"ty":"fl","bm":0,"hd":false,"mn":"ADBE Vector Graphic - Fill","nm":"Fläche 1","c":{"a":0,"k":[0.1294,0.6863,0.0314],"ix":4},"r":1,"o":{"a":0,"k":100,"ix":5}},{"ty":"tr","a":{"a":0,"k":[0,0],"ix":1},"s":{"a":0,"k":[100,100],"ix":3},"sk":{"a":0,"k":0,"ix":4},"p":{"a":0,"k":[31.181,450.941],"ix":2},"r":{"a":0,"k":0,"ix":6},"sa":{"a":0,"k":0,"ix":5},"o":{"a":0,"k":100,"ix":7}}]},{"ty":"gr","bm":0,"hd":false,"mn":"ADBE Vector Group","nm":"Gruppe 8","ix":8,"cix":2,"np":2,"it":[{"ty":"sh","bm":0,"hd":false,"mn":"ADBE Vector Shape - Group","nm":"Pfad 1","ix":1,"d":1,"ks":{"a":0,"k":{"c":true,"i":[[0,0],[-6.301,-18.902],[-1,5],[0,0],[-1,-5],[-2,5],[0,45]],"o":[[0,0],[3,9],[1,-5],[0,0],[1,5],[2,-5],[-62,-6]],"v":[[-38.85,-110],[-41.85,107],[-20.85,108],[3.15,-68],[8.15,110],[26.15,109],[48.15,-110]]},"ix":2}},{"ty":"fl","bm":0,"hd":false,"mn":"ADBE Vector Graphic - Fill","nm":"Fläche 1","c":{"a":0,"k":[0.1294,0.6863,0.0314],"ix":4},"r":1,"o":{"a":0,"k":100,"ix":5}},{"ty":"tr","a":{"a":0,"k":[0,0],"ix":1},"s":{"a":0,"k":[100,100],"ix":3},"sk":{"a":0,"k":0,"ix":4},"p":{"a":0,"k":[72.85,326],"ix":2},"r":{"a":0,"k":0,"ix":6},"sa":{"a":0,"k":0,"ix":5},"o":{"a":0,"k":100,"ix":7}}]},{"ty":"gr","bm":0,"hd":false,"mn":"ADBE Vector Group","nm":"Gruppe 9","ix":9,"cix":2,"np":2,"it":[{"ty":"sh","bm":0,"hd":false,"mn":"ADBE Vector Shape - Group","nm":"Pfad 1","ix":1,"d":1,"ks":{"a":0,"k":{"c":true,"i":[[0,0],[0,0],[8.642,-4.653],[0,0],[0,0]],"o":[[-2,6],[0,0],[-8.643,4.653],[0,0],[0,0]],"v":[[11.5,-13],[4.5,3],[-2.857,18.347],[-10.5,-13],[0.5,-23]]},"ix":2}},{"ty":"fl","bm":0,"hd":false,"mn":"ADBE Vector Graphic - Fill","nm":"Fläche 1","c":{"a":0,"k":[0.1294,0.6863,0.0314],"ix":4},"r":1,"o":{"a":0,"k":100,"ix":5}},{"ty":"tr","a":{"a":0,"k":[0,0],"ix":1},"s":{"a":0,"k":[100,100],"ix":3},"sk":{"a":0,"k":0,"ix":4},"p":{"a":0,"k":[122.535,236],"ix":2},"r":{"a":0,"k":0,"ix":6},"sa":{"a":0,"k":0,"ix":5},"o":{"a":0,"k":100,"ix":7}}]},{"ty":"gr","bm":0,"hd":false,"mn":"ADBE Vector Group","nm":"Gruppe 10","ix":10,"cix":2,"np":2,"it":[{"ty":"sh","bm":0,"hd":false,"mn":"ADBE Vector Shape - Group","nm":"Pfad 1","ix":1,"d":1,"ks":{"a":0,"k":{"c":true,"i":[[0,0],[0,0],[-8.643,-4.653],[0,0],[0,0]],"o":[[2,6],[0,0],[8.642,4.653],[0,0],[0,0]],"v":[[-11.5,-13],[-4.5,3],[2.858,18.347],[10.5,-13],[-0.5,-23]]},"ix":2}},{"ty":"fl","bm":0,"hd":false,"mn":"ADBE Vector Graphic - Fill","nm":"Fläche 1","c":{"a":0,"k":[0.1294,0.6863,0.0314],"ix":4},"r":1,"o":{"a":0,"k":100,"ix":5}},{"ty":"tr","a":{"a":0,"k":[0,0],"ix":1},"s":{"a":0,"k":[100,100],"ix":3},"sk":{"a":0,"k":0,"ix":4},"p":{"a":0,"k":[28.5,236],"ix":2},"r":{"a":0,"k":0,"ix":6},"sa":{"a":0,"k":0,"ix":5},"o":{"a":0,"k":100,"ix":7}}]},{"ty":"gr","bm":0,"hd":false,"mn":"ADBE Vector Group","nm":"Gruppe 11","ix":11,"cix":2,"np":2,"it":[{"ty":"sh","bm":0,"hd":false,"mn":"ADBE Vector Shape - Group","nm":"Pfad 1","ix":1,"d":1,"ks":{"a":0,"k":{"c":true,"i":[[0,0],[-2,6],[-12,-1],[-3,-4],[0,-15],[2,-6],[0,0]],"o":[[0,0],[-5,-4],[0,-6],[4,-4],[6,0],[0,6],[0,0]],"v":[[-17,23],[-20,7],[-14,-7],[-3,-12],[19,-8],[24,4],[21.259,20.697]]},"ix":2}},{"ty":"fl","bm":0,"hd":false,"mn":"ADBE Vector Graphic - Fill","nm":"Fläche 1","c":{"a":0,"k":[0.1294,0.6863,0.0314],"ix":4},"r":1,"o":{"a":0,"k":100,"ix":5}},{"ty":"tr","a":{"a":0,"k":[0,0],"ix":1},"s":{"a":0,"k":[100,100],"ix":3},"sk":{"a":0,"k":0,"ix":4},"p":{"a":0,"k":[74,31],"ix":2},"r":{"a":0,"k":0,"ix":6},"sa":{"a":0,"k":0,"ix":5},"o":{"a":0,"k":100,"ix":7}}]},{"ty":"gr","bm":0,"hd":false,"mn":"ADBE Vector Group","nm":"Gruppe 12","ix":12,"cix":2,"np":2,"it":[{"ty":"sh","bm":0,"hd":false,"mn":"ADBE Vector Shape - Group","nm":"Pfad 1","ix":1,"d":1,"ks":{"a":0,"k":{"c":true,"i":[[0,0],[0,0],[0,0],[0,0]],"o":[[0,0],[0,0],[0,0],[0,0]],"v":[[-5,-4.5],[-5,5.5],[5,4.5],[5,-5.5]]},"ix":2}},{"ty":"fl","bm":0,"hd":false,"mn":"ADBE Vector Graphic - Fill","nm":"Fläche 1","c":{"a":0,"k":[0.1294,0.6863,0.0314],"ix":4},"r":1,"o":{"a":0,"k":100,"ix":5}},{"ty":"tr","a":{"a":0,"k":[0,0],"ix":1},"s":{"a":0,"k":[100,100],"ix":3},"sk":{"a":0,"k":0,"ix":4},"p":{"a":0,"k":[40,441.5],"ix":2},"r":{"a":0,"k":0,"ix":6},"sa":{"a":0,"k":0,"ix":5},"o":{"a":0,"k":100,"ix":7}}]},{"ty":"gr","bm":0,"hd":false,"mn":"ADBE Vector Group","nm":"Gruppe 13","ix":13,"cix":2,"np":2,"it":[{"ty":"sh","bm":0,"hd":false,"mn":"ADBE Vector Shape - Group","nm":"Pfad 1","ix":1,"d":1,"ks":{"a":0,"k":{"c":true,"i":[[0,0],[0,0],[0,0],[0,0]],"o":[[0,0],[0,0],[0,0],[0,0]],"v":[[-5,-4.5],[-5,5.5],[5,4.5],[5,-5.5]]},"ix":2}},{"ty":"fl","bm":0,"hd":false,"mn":"ADBE Vector Graphic - Fill","nm":"Fläche 1","c":{"a":0,"k":[0.1294,0.6863,0.0314],"ix":4},"r":1,"o":{"a":0,"k":100,"ix":5}},{"ty":"tr","a":{"a":0,"k":[0,0],"ix":1},"s":{"a":0,"k":[100,100],"ix":3},"sk":{"a":0,"k":0,"ix":4},"p":{"a":0,"k":[90,441.5],"ix":2},"r":{"a":0,"k":0,"ix":6},"sa":{"a":0,"k":0,"ix":5},"o":{"a":0,"k":100,"ix":7}}]}],"ind":3},{"ty":4,"nm":"scanner Konturen","sr":1,"st":0,"op":150.000006109625,"ip":0,"hd":false,"ddd":0,"bm":0,"hasMask":false,"ao":0,"ks":{"a":{"a":0,"k":[91,44,0],"ix":1},"s":{"a":0,"k":[100,100,100],"ix":6},"sk":{"a":0,"k":0},"p":{"a":1,"k":[{"o":{"x":0.333,"y":0},"i":{"x":0.667,"y":1},"s":[348,336.137,0],"t":0,"ti":[0,0,0],"to":[0,65.833,0]},{"o":{"x":0.333,"y":0},"i":{"x":0.667,"y":1},"s":[348,731.137,0],"t":75,"ti":[0,0,0],"to":[0,0,0]},{"o":{"x":0.333,"y":0},"i":{"x":0.833,"y":0.833},"s":[348,336.137,0],"t":149,"ti":[0,-65.833,0],"to":[0,0,0]},{"s":[348,731.137,0],"t":224.000009123707}],"ix":2},"r":{"a":0,"k":0,"ix":10},"sa":{"a":0,"k":0},"o":{"a":0,"k":100,"ix":11}},"ef":[],"shapes":[{"ty":"gr","bm":0,"hd":false,"mn":"ADBE Vector Group","nm":"Gruppe 1","ix":1,"cix":2,"np":2,"it":[{"ty":"sh","bm":0,"hd":false,"mn":"ADBE Vector Shape - Group","nm":"Pfad 1","ix":1,"d":1,"ks":{"a":0,"k":{"c":true,"i":[[10.736,0],[0,0],[0,10.736],[0,0],[-10.737,0],[0,0],[0,-10.736],[0,0]],"o":[[0,0],[-10.737,0],[0,0],[0,-10.736],[0,0],[10.736,0],[0,0],[0,10.736]],"v":[[63.455,38.5],[-63.454,38.5],[-82.895,19.06],[-82.895,-19.06],[-63.454,-38.5],[63.455,-38.5],[82.895,-19.06],[82.895,19.06]]},"ix":2}},{"ty":"fl","bm":0,"hd":false,"mn":"ADBE Vector Graphic - Fill","nm":"Fläche 1","c":{"a":0,"k":[1,1,1],"ix":4},"r":1,"o":{"a":0,"k":100,"ix":5}},{"ty":"tr","a":{"a":0,"k":[0,0],"ix":1},"s":{"a":0,"k":[100,100],"ix":3},"sk":{"a":0,"k":0,"ix":4},"p":{"a":0,"k":[88.724,44.5],"ix":2},"r":{"a":0,"k":0,"ix":6},"sa":{"a":0,"k":0,"ix":5},"o":{"a":0,"k":100,"ix":7}}]}],"ind":4}],"v":"5.5.9","fr":50,"op":150.000006109625,"ip":0,"assets":[{"nm":"","id":"comp_0","layers":[{"ty":4,"nm":"body_scan Konturen","sr":1,"st":0,"op":150.000006109625,"ip":0,"hd":false,"ddd":0,"bm":0,"hasMask":false,"ao":0,"ks":{"a":{"a":0,"k":[78,242.5,0],"ix":1},"s":{"a":0,"k":[100,100,100],"ix":6},"sk":{"a":0,"k":0},"p":{"a":0,"k":[78,242.5,0],"ix":2},"r":{"a":0,"k":0,"ix":10},"sa":{"a":0,"k":0},"o":{"a":0,"k":100,"ix":11}},"ef":[],"shapes":[{"ty":"gr","bm":0,"hd":false,"mn":"ADBE Vector Group","nm":"Gruppe 1","ix":1,"cix":2,"np":2,"it":[{"ty":"sh","bm":0,"hd":false,"mn":"ADBE Vector Shape - Group","nm":"Pfad 1","ix":1,"d":1,"ks":{"a":0,"k":{"c":true,"i":[[0,0],[-1.588,3.546],[-1.604,-0.855],[-6.926,-6.06],[1,-18],[0,0],[0,0],[30,0],[0,0],[0,0],[1,18],[-8,7],[-8.716,3.728],[-0.463,-1.494],[-10.921,0]],"o":[[10.345,0],[0.743,-1.659],[8.849,4.717],[8,7],[-1,18],[0,0],[0,0],[-30,0],[0,0],[0,0],[-1,-18],[7.004,-6.128],[1.438,-0.615],[1.1,3.549],[0,0]],"v":[[0,-65.784],[16.007,-74.347],[20.308,-75.87],[55,-56.784],[67,59.216],[42,66.216],[42,52.216],[-1,59.216],[-42,52.216],[-42,66.216],[-67,59.216],[-55,-56.784],[-20.013,-76.601],[-16.488,-74.924],[-1,-65.784]]},"ix":2}},{"ty":"fl","bm":0,"hd":false,"mn":"ADBE Vector Graphic - Fill","nm":"Fläche 1","c":{"a":0,"k":[0.749,0.7804,0.7765],"ix":4},"r":1,"o":{"a":0,"k":100,"ix":5}},{"ty":"tr","a":{"a":0,"k":[0,0],"ix":1},"s":{"a":0,"k":[100,100],"ix":3},"sk":{"a":0,"k":0,"ix":4},"p":{"a":0,"k":[76,163.784],"ix":2},"r":{"a":0,"k":0,"ix":6},"sa":{"a":0,"k":0,"ix":5},"o":{"a":0,"k":100,"ix":7}}]},{"ty":"gr","bm":0,"hd":false,"mn":"ADBE Vector Group","nm":"Gruppe 2","ix":2,"cix":2,"np":2,"it":[{"ty":"sh","bm":0,"hd":false,"mn":"ADBE Vector Shape - Group","nm":"Pfad 1","ix":1,"d":1,"ks":{"a":0,"k":{"c":true,"i":[[0,0],[0,-6],[-2,1]],"o":[[0,0],[0,6],[2,-1]],"v":[[2.5,-4],[-4.5,-2],[2.5,7]]},"ix":2}},{"ty":"fl","bm":0,"hd":false,"mn":"ADBE Vector Graphic - Fill","nm":"Fläche 1","c":{"a":0,"k":[1,0.8078,0.1176],"ix":4},"r":1,"o":{"a":0,"k":100,"ix":5}},{"ty":"tr","a":{"a":0,"k":[0,0],"ix":1},"s":{"a":0,"k":[100,100],"ix":3},"sk":{"a":0,"k":0,"ix":4},"p":{"a":0,"k":[58.611,57],"ix":2},"r":{"a":0,"k":0,"ix":6},"sa":{"a":0,"k":0,"ix":5},"o":{"a":0,"k":100,"ix":7}}]},{"ty":"gr","bm":0,"hd":false,"mn":"ADBE Vector Group","nm":"Gruppe 3","ix":3,"cix":2,"np":2,"it":[{"ty":"sh","bm":0,"hd":false,"mn":"ADBE Vector Shape - Group","nm":"Pfad 1","ix":1,"d":1,"ks":{"a":0,"k":{"c":true,"i":[[0,0],[0,-6],[2,1]],"o":[[0,0],[0,6],[-2,-1]],"v":[[-2.5,-4],[4.5,-2],[-2.5,7]]},"ix":2}},{"ty":"fl","bm":0,"hd":false,"mn":"ADBE Vector Graphic - Fill","nm":"Fläche 1","c":{"a":0,"k":[1,0.8078,0.1176],"ix":4},"r":1,"o":{"a":0,"k":100,"ix":5}},{"ty":"tr","a":{"a":0,"k":[0,0],"ix":1},"s":{"a":0,"k":[100,100],"ix":3},"sk":{"a":0,"k":0,"ix":4},"p":{"a":0,"k":[93.5,57],"ix":2},"r":{"a":0,"k":0,"ix":6},"sa":{"a":0,"k":0,"ix":5},"o":{"a":0,"k":100,"ix":7}}]},{"ty":"gr","bm":0,"hd":false,"mn":"ADBE Vector Group","nm":"Gruppe 4","ix":4,"cix":2,"np":2,"it":[{"ty":"sh","bm":0,"hd":false,"mn":"ADBE Vector Shape - Group","nm":"Pfad 1","ix":1,"d":1,"ks":{"a":0,"k":{"c":true,"i":[[0,-4.042],[6.433,0],[0,7.471],[-0.193,4.946],[0,2.437],[-1.962,0],[0,0]],"o":[[0,7.471],[-6.434,0],[0,-3.146],[0.125,-3.218],[1.622,-0.995],[0,0],[0,4.081]],"v":[[24,0.276],[0.352,18.276],[-24,0.276],[-10.86,-8.495],[-10.631,-17.281],[12,-17.281],[12,-7.68]]},"ix":2}},{"ty":"fl","bm":0,"hd":false,"mn":"ADBE Vector Graphic - Fill","nm":"Fläche 1","c":{"a":0,"k":[1,0.8078,0.1176],"ix":4},"r":1,"o":{"a":0,"k":100,"ix":5}},{"ty":"tr","a":{"a":0,"k":[0,0],"ix":1},"s":{"a":0,"k":[100,100],"ix":3},"sk":{"a":0,"k":0,"ix":4},"p":{"a":0,"k":[75,92.724],"ix":2},"r":{"a":0,"k":0,"ix":6},"sa":{"a":0,"k":0,"ix":5},"o":{"a":0,"k":100,"ix":7}}]},{"ty":"gr","bm":0,"hd":false,"mn":"ADBE Vector Group","nm":"Gruppe 5","ix":5,"cix":2,"np":2,"it":[{"ty":"sh","bm":0,"hd":false,"mn":"ADBE Vector Shape - Group","nm":"Pfad 1","ix":1,"d":1,"ks":{"a":0,"k":{"c":true,"i":[[0,0],[9.665,0],[0,9.665],[0,8],[-2.948,0]],"o":[[0,9.665],[-9.665,0],[0,-6.717],[2.437,-1.288],[0,0]],"v":[[17.5,6.144],[0,23.644],[-17.5,6.144],[-16.5,-22.356],[17.5,-22.356]]},"ix":2}},{"ty":"fl","bm":0,"hd":false,"mn":"ADBE Vector Graphic - Fill","nm":"Fläche 1","c":{"a":0,"k":[1,0.8078,0.1176],"ix":4},"r":1,"o":{"a":0,"k":100,"ix":5}},{"ty":"tr","a":{"a":0,"k":[0,0],"ix":1},"s":{"a":0,"k":[100,100],"ix":3},"sk":{"a":0,"k":0,"ix":4},"p":{"a":0,"k":[75.5,58.356],"ix":2},"r":{"a":0,"k":0,"ix":6},"sa":{"a":0,"k":0,"ix":5},"o":{"a":0,"k":100,"ix":7}}]},{"ty":"gr","bm":0,"hd":false,"mn":"ADBE Vector Group","nm":"Gruppe 6","ix":6,"cix":2,"np":2,"it":[{"ty":"sh","bm":0,"hd":false,"mn":"ADBE Vector Shape - Group","nm":"Pfad 1","ix":1,"d":1,"ks":{"a":0,"k":{"c":true,"i":[[-1.343,1.551],[-0.384,-0.043],[0,-4.786],[0,0],[0.639,-0.02],[1.762,0.881],[-2.361,11.807],[-2,0]],"o":[[0.253,-0.292],[5.719,0.636],[0,0],[0,0.64],[-5.388,0.173],[-2,-1],[1,-3],[2.756,0]],"v":[[-3.12,-7.492],[-2.114,-7.897],[19.18,5.06],[19.18,6.913],[18.04,8.096],[-11.82,8.06],[-16.82,-5.94],[-11.82,-5.94]]},"ix":2}},{"ty":"fl","bm":0,"hd":false,"mn":"ADBE Vector Graphic - Fill","nm":"Fläche 1","c":{"a":0,"k":[0.749,0.7804,0.7765],"ix":4},"r":1,"o":{"a":0,"k":100,"ix":5}},{"ty":"tr","a":{"a":0,"k":[0,0],"ix":1},"s":{"a":0,"k":[100,100],"ix":3},"sk":{"a":0,"k":0,"ix":4},"p":{"a":0,"k":[98.819,450.941],"ix":2},"r":{"a":0,"k":0,"ix":6},"sa":{"a":0,"k":0,"ix":5},"o":{"a":0,"k":100,"ix":7}}]},{"ty":"gr","bm":0,"hd":false,"mn":"ADBE Vector Group","nm":"Gruppe 7","ix":7,"cix":2,"np":2,"it":[{"ty":"sh","bm":0,"hd":false,"mn":"ADBE Vector Shape - Group","nm":"Pfad 1","ix":1,"d":1,"ks":{"a":0,"k":{"c":true,"i":[[1.343,1.551],[0.384,-0.043],[0,-4.786],[0,0],[-0.639,-0.02],[-1.762,0.881],[2.361,11.807],[1,0]],"o":[[-0.253,-0.292],[-5.719,0.636],[0,0],[0,0.64],[5.388,0.173],[2,-1],[-1,-3],[-2.756,0]],"v":[[3.12,-7.492],[2.114,-7.897],[-19.18,5.06],[-19.18,6.913],[-18.04,8.096],[11.82,8.06],[16.82,-5.94],[12.82,-5.94]]},"ix":2}},{"ty":"fl","bm":0,"hd":false,"mn":"ADBE Vector Graphic - Fill","nm":"Fläche 1","c":{"a":0,"k":[0.749,0.7804,0.7765],"ix":4},"r":1,"o":{"a":0,"k":100,"ix":5}},{"ty":"tr","a":{"a":0,"k":[0,0],"ix":1},"s":{"a":0,"k":[100,100],"ix":3},"sk":{"a":0,"k":0,"ix":4},"p":{"a":0,"k":[31.181,450.941],"ix":2},"r":{"a":0,"k":0,"ix":6},"sa":{"a":0,"k":0,"ix":5},"o":{"a":0,"k":100,"ix":7}}]},{"ty":"gr","bm":0,"hd":false,"mn":"ADBE Vector Group","nm":"Gruppe 8","ix":8,"cix":2,"np":2,"it":[{"ty":"sh","bm":0,"hd":false,"mn":"ADBE Vector Shape - Group","nm":"Pfad 1","ix":1,"d":1,"ks":{"a":0,"k":{"c":true,"i":[[0,0],[-6.301,-18.902],[-1,5],[0,0],[-1,-5],[-2,5],[0,45]],"o":[[0,0],[3,9],[1,-5],[0,0],[1,5],[2,-5],[-62,-6]],"v":[[-38.85,-110],[-41.85,107],[-20.85,108],[3.15,-68],[8.15,110],[26.15,109],[48.15,-110]]},"ix":2}},{"ty":"fl","bm":0,"hd":false,"mn":"ADBE Vector Graphic - Fill","nm":"Fläche 1","c":{"a":0,"k":[0.1608,0.1647,0.1608],"ix":4},"r":1,"o":{"a":0,"k":100,"ix":5}},{"ty":"tr","a":{"a":0,"k":[0,0],"ix":1},"s":{"a":0,"k":[100,100],"ix":3},"sk":{"a":0,"k":0,"ix":4},"p":{"a":0,"k":[72.85,326],"ix":2},"r":{"a":0,"k":0,"ix":6},"sa":{"a":0,"k":0,"ix":5},"o":{"a":0,"k":100,"ix":7}}]},{"ty":"gr","bm":0,"hd":false,"mn":"ADBE Vector Group","nm":"Gruppe 9","ix":9,"cix":2,"np":2,"it":[{"ty":"sh","bm":0,"hd":false,"mn":"ADBE Vector Shape - Group","nm":"Pfad 1","ix":1,"d":1,"ks":{"a":0,"k":{"c":true,"i":[[0,0],[0,0],[8.642,-4.653],[0,0],[0,0]],"o":[[-2,6],[0,0],[-8.643,4.653],[0,0],[0,0]],"v":[[11.5,-13],[4.5,3],[-2.857,18.347],[-10.5,-13],[0.5,-23]]},"ix":2}},{"ty":"fl","bm":0,"hd":false,"mn":"ADBE Vector Graphic - Fill","nm":"Fläche 1","c":{"a":0,"k":[1,0.8078,0.1176],"ix":4},"r":1,"o":{"a":0,"k":100,"ix":5}},{"ty":"tr","a":{"a":0,"k":[0,0],"ix":1},"s":{"a":0,"k":[100,100],"ix":3},"sk":{"a":0,"k":0,"ix":4},"p":{"a":0,"k":[122.535,236],"ix":2},"r":{"a":0,"k":0,"ix":6},"sa":{"a":0,"k":0,"ix":5},"o":{"a":0,"k":100,"ix":7}}]},{"ty":"gr","bm":0,"hd":false,"mn":"ADBE Vector Group","nm":"Gruppe 10","ix":10,"cix":2,"np":2,"it":[{"ty":"sh","bm":0,"hd":false,"mn":"ADBE Vector Shape - Group","nm":"Pfad 1","ix":1,"d":1,"ks":{"a":0,"k":{"c":true,"i":[[0,0],[0,0],[-8.643,-4.653],[0,0],[0,0]],"o":[[2,6],[0,0],[8.642,4.653],[0,0],[0,0]],"v":[[-11.5,-13],[-4.5,3],[2.858,18.347],[10.5,-13],[-0.5,-23]]},"ix":2}},{"ty":"fl","bm":0,"hd":false,"mn":"ADBE Vector Graphic - Fill","nm":"Fläche 1","c":{"a":0,"k":[1,0.8078,0.1176],"ix":4},"r":1,"o":{"a":0,"k":100,"ix":5}},{"ty":"tr","a":{"a":0,"k":[0,0],"ix":1},"s":{"a":0,"k":[100,100],"ix":3},"sk":{"a":0,"k":0,"ix":4},"p":{"a":0,"k":[28.5,236],"ix":2},"r":{"a":0,"k":0,"ix":6},"sa":{"a":0,"k":0,"ix":5},"o":{"a":0,"k":100,"ix":7}}]},{"ty":"gr","bm":0,"hd":false,"mn":"ADBE Vector Group","nm":"Gruppe 11","ix":11,"cix":2,"np":2,"it":[{"ty":"sh","bm":0,"hd":false,"mn":"ADBE Vector Shape - Group","nm":"Pfad 1","ix":1,"d":1,"ks":{"a":0,"k":{"c":true,"i":[[0,0],[-2,6],[-12,-1],[-3,-4],[0,-15],[2,-6],[0,0]],"o":[[0,0],[-5,-4],[0,-6],[4,-4],[6,0],[0,6],[0,0]],"v":[[-17,23],[-20,7],[-14,-7],[-3,-12],[19,-8],[24,4],[21.259,20.697]]},"ix":2}},{"ty":"fl","bm":0,"hd":false,"mn":"ADBE Vector Graphic - Fill","nm":"Fläche 1","c":{"a":0,"k":[0.1608,0.1647,0.1608],"ix":4},"r":1,"o":{"a":0,"k":100,"ix":5}},{"ty":"tr","a":{"a":0,"k":[0,0],"ix":1},"s":{"a":0,"k":[100,100],"ix":3},"sk":{"a":0,"k":0,"ix":4},"p":{"a":0,"k":[74,31],"ix":2},"r":{"a":0,"k":0,"ix":6},"sa":{"a":0,"k":0,"ix":5},"o":{"a":0,"k":100,"ix":7}}]},{"ty":"gr","bm":0,"hd":false,"mn":"ADBE Vector Group","nm":"Gruppe 12","ix":12,"cix":2,"np":2,"it":[{"ty":"sh","bm":0,"hd":false,"mn":"ADBE Vector Shape - Group","nm":"Pfad 1","ix":1,"d":1,"ks":{"a":0,"k":{"c":true,"i":[[0,0],[0,0],[0,0],[0,0]],"o":[[0,0],[0,0],[0,0],[0,0]],"v":[[-5,-4.5],[-5,5.5],[5,4.5],[5,-5.5]]},"ix":2}},{"ty":"fl","bm":0,"hd":false,"mn":"ADBE Vector Graphic - Fill","nm":"Fläche 1","c":{"a":0,"k":[1,0.8078,0.1176],"ix":4},"r":1,"o":{"a":0,"k":100,"ix":5}},{"ty":"tr","a":{"a":0,"k":[0,0],"ix":1},"s":{"a":0,"k":[100,100],"ix":3},"sk":{"a":0,"k":0,"ix":4},"p":{"a":0,"k":[40,441.5],"ix":2},"r":{"a":0,"k":0,"ix":6},"sa":{"a":0,"k":0,"ix":5},"o":{"a":0,"k":100,"ix":7}}]},{"ty":"gr","bm":0,"hd":false,"mn":"ADBE Vector Group","nm":"Gruppe 13","ix":13,"cix":2,"np":2,"it":[{"ty":"sh","bm":0,"hd":false,"mn":"ADBE Vector Shape - Group","nm":"Pfad 1","ix":1,"d":1,"ks":{"a":0,"k":{"c":true,"i":[[0,0],[0,0],[0,0],[0,0]],"o":[[0,0],[0,0],[0,0],[0,0]],"v":[[-5,-4.5],[-5,5.5],[5,4.5],[5,-5.5]]},"ix":2}},{"ty":"fl","bm":0,"hd":false,"mn":"ADBE Vector Graphic - Fill","nm":"Fläche 1","c":{"a":0,"k":[1,0.8078,0.1176],"ix":4},"r":1,"o":{"a":0,"k":100,"ix":5}},{"ty":"tr","a":{"a":0,"k":[0,0],"ix":1},"s":{"a":0,"k":[100,100],"ix":3},"sk":{"a":0,"k":0,"ix":4},"p":{"a":0,"k":[90,441.5],"ix":2},"r":{"a":0,"k":0,"ix":6},"sa":{"a":0,"k":0,"ix":5},"o":{"a":0,"k":100,"ix":7}}]}],"ind":1}]}]}